{"cameraMode":{"drawMode":0,"name":"Shaded","section":"Shading Mode"},"sceneLighting":true,"audioPlay":false,"sceneViewState":{"m_AlwaysRefresh":false,"showFog":true,"showSkybox":true,"showFlares":true,"showImageEffects":true,"showParticleSystems":true,"showVisualEffectGraphs":true,"m_FxEnabled":true},"in2DMode":false,"pivot":{"x":2.376380443572998,"y":5.1406121253967289,"z":-1.4296308755874634},"rotation":{"x":-0.0065896715968847279,"y":0.05996236950159073,"z":0.000395847309846431,"w":0.9981785416603088},"size":9.494050979614258,"orthographic":false}