{"cameraMode":{"drawMode":0,"name":"Shaded","section":"Shading Mode"},"sceneLighting":true,"audioPlay":false,"sceneViewState":{"m_AlwaysRefresh":false,"showFog":true,"showSkybox":true,"showFlares":true,"showImageEffects":true,"showParticleSystems":true,"showVisualEffectGraphs":true,"m_FxEnabled":true},"in2DMode":false,"pivot":{"x":515.8821411132813,"y":357.5283508300781,"z":-0.9001617431640625},"rotation":{"x":-0.009896425530314446,"y":-0.02008918486535549,"z":0.0001989496377063915,"w":-0.9997485280036926},"size":302.3427429199219,"orthographic":false}