{"cameraMode":{"drawMode":0,"name":"Shaded","section":"Shading Mode"},"sceneLighting":true,"audioPlay":false,"sceneViewState":{"m_AlwaysRefresh":false,"showFog":true,"showSkybox":true,"showFlares":true,"showImageEffects":true,"showParticleSystems":true,"showVisualEffectGraphs":true,"m_FxEnabled":true},"in2DMode":false,"pivot":{"x":543.1956787109375,"y":143.13015747070313,"z":-6.2462615966796879},"rotation":{"x":-0.009896425530314446,"y":-0.02008918486535549,"z":0.0001989496377063915,"w":-0.9997485280036926},"size":222.81546020507813,"orthographic":false}