{"cameraMode":{"drawMode":0,"name":"Shaded","section":"Shading Mode"},"sceneLighting":true,"audioPlay":false,"sceneViewState":{"m_AlwaysRefresh":false,"showFog":true,"showSkybox":true,"showFlares":true,"showImageEffects":true,"showParticleSystems":true,"showVisualEffectGraphs":true,"m_FxEnabled":true},"in2DMode":false,"pivot":{"x":116.84060668945313,"y":360.58221435546877,"z":-2.211700439453125},"rotation":{"x":0.050075456500053409,"y":-0.014073260128498078,"z":-0.0007057430339045823,"w":-0.9986454844474793},"size":97.45924377441406,"orthographic":false}